{
  "items": [
    {
      "x": 900,
      "y": 0,
      "z": 9,
      "width": 199.46537059538275,
      "height": 75.236938031591748,
      "config": {
        "name": "VisualContainer6",
        "layouts": [
          {
            "id": 0,
            "position": {
              "x": 0,
              "y": 0,
              "z": 9,
              "width": 199.46537059538275,
              "height": 75.236938031591748
            }
          }
        ]
      }
    },
    {
      "x": 0,
      "y": 900,
      "z": 0,
      "width": 200.34021871202918,
      "height": 110,
      "config": {
        "name": "VisualContainer3",
        "layouts": [
          {
            "id": 0,
            "position": {
              "x": 0,
              "y": 86.4945321992709,
              "z": 1,
              "width": 200.34021871202918,
              "height": 110
            }
          }
        ]
      }
    },
    {
      "x": 0,
      "y": 0,
      "z": 900,
      "width": 200.34021871202918,
      "height": 110.23086269744836,
      "config": {
        "name": "VisualContainer4",
        "layouts": [
          {
            "id": 0,
            "position": {
              "x": 0,
              "y": 214.60206561360877,
              "z": 1,
              "width": 200.34021871202918,
              "height": 110.23086269744836
            }
          }
        ]
      }
    }
  ]
}